timestamp_epoch,completed_keys,total_keys,pending_keys,elapsed_sec,keys_per_sec,eta_sec,stop_reason_ci_target_reached,stop_reason_max_simulations_reached,stop_reason_fixed_simulations,simulations_min,simulations_max,simulations_mean,ci95_margin_min,ci95_margin_max,ci95_margin_mean
1790571205.166,50,23520,23470,456.095,0.109626,214091.111,50,0,0,5888,33536,9144.32,0.00487943,0.00499288,0.00495164
1790572393.273,100,23520,23420,1644.203,0.06082,385072.291,100,0,0,5888,37376,20968.96,0.00487943,0.0049996,0.00496985
1790573772.852,150,23520,23370,3023.781,0.049607,471105.08,150,0,0,5888,38416,25204.693,0.00487943,0.00500002,0.00497686
1790574938.101,200,23520,23320,4189.03,0.047744,488440.937,200,0,0,5888,38416,26883.12,0.00487943,0.00500021,0.00498041
1790576115.868,250,23520,23270,5366.797,0.046583,499541.469,250,0,0,5888,38416,27720.192,0.00487943,0.00500021,0.00498233
1790577031.889,300,23520,23220,6282.818,0.047749,486290.093,300,0,0,5888,38416,27400.96,0.00487943,0.00500021,0.00498313
1790578170.082,350,23520,23170,7421.011,0.047163,491270.916,350,0,0,5888,38416,27812.206,0.00487943,0.00500021,0.00498409
1790579316.979,400,23520,23120,8567.908,0.046686,495225.057,400,0,0,5888,38416,28020.8,0.00487943,0.00500021,0.00498485
1790580466.41,450,23520,23070,9717.339,0.046309,498175.568,450,0,0,5888,38416,28329.244,0.00487943,0.00500021,0.00498539
1790581526.104,500,23520,23020,10777.032,0.046395,496174.563,500,0,0,5888,38416,28358.4,0.00487943,0.00500021,0.0049859
1790587967.098,550,23520,22970,17218.026,0.031943,719087.378,550,0,0,5888,38416,27737.6,0.00487943,0.00500021,0.00498577
1790592883.379,600,23520,22920,22134.307,0.027107,845530.545,600,0,0,1536,38416,26696.32,0.00447402,0.00500021,0.00497844
1790598091.394,650,23520,22870,27342.322,0.023773,962029.086,650,0,0,1536,38416,26191.36,0.00447402,0.00500021,0.00497793
1790603698.838,700,23520,22820,32949.766,0.021244,1074162.383,700,0,0,1536,38416,25544.594,0.00447402,0.00500021,0.00497701
1790612745.998,750,23520,22770,41996.926,0.017858,1275026.664,750,0,0,1536,38416,26065.067,0.00447402,0.00500021,0.00497793
1790620047.927,800,23520,22720,49298.855,0.016228,1400087.48,800,0,0,1536,38416,26668.64,0.00447402,0.00500021,0.00497867
1790621229.937,850,23520,22670,50480.866,0.016838,1346354.389,850,0,0,1536,38416,26938.88,0.00447402,0.00500021,0.00497933
1790622288.593,900,23520,22620,51539.521,0.017462,1295359.967,900,0,0,1536,38416,26925.369,0.00447402,0.00500021,0.00497978
1790623305.177,950,23520,22570,52556.105,0.018076,1248622.405,950,0,0,1536,38416,27009.482,0.00447402,0.00500021,0.00498016
1790624518.798,1000,23520,22520,53769.726,0.018598,1210894.228,1000,0,0,1536,38416,27211.648,0.00447402,0.00500021,0.00498064
1790625676.359,1050,23520,22470,54927.287,0.019116,1175443.932,1050,0,0,1536,38416,27336.29,0.00447402,0.00500021,0.00498104
1790626670.31,1100,23520,22420,55921.238,0.019671,1139776.508,1100,0,0,1536,38416,27338.356,0.00447402,0.00500021,0.00498128
1790627693.508,1150,23520,22370,56944.436,0.020195,1107693.066,1150,0,0,1536,38416,27271.012,0.00447402,0.00500021,0.00498141
1790628589.027,1200,23520,22320,57839.954,0.020747,1075823.145,1200,0,0,1536,38416,27045.013,0.00447402,0.00500021,0.00498023
1790629241.798,1250,23520,22270,58492.726,0.02137,1042106.4,1250,0,0,1536,38416,26668.544,0.00447402,0.00500021,0.00497771
1790629670.114,1300,23520,22220,58921.042,0.022063,1007096.586,1300,0,0,1536,38416,26123.914,0.00447402,0.00500021,0.00497682
1790630771.414,1350,23520,22170,60022.342,0.022492,985700.246,1350,0,0,1536,38416,26201.79,0.00447402,0.00500021,0.00497684
1790632185.065,1400,23520,22120,61435.991,0.022788,970688.664,1400,0,0,1536,38416,26443.063,0.00447402,0.00500021,0.0049773
1790633404.989,1450,23520,22070,62655.916,0.023142,953666.255,1450,0,0,1536,38416,26668.756,0.00447402,0.00500021,0.00497772
1790634567.794,1500,23520,22020,63818.722,0.023504,936858.833,1500,0,0,1536,38416,26847.829,0.00447402,0.00500021,0.00497811
1790635557.745,1550,23520,21970,64808.672,0.023917,918610.668,1550,0,0,1536,38416,26786.601,0.00447402,0.00500021,0.00497838
1790636626.589,1600,23520,21920,65877.516,0.024287,902521.97,1600,0,0,1536,38416,26872.72,0.00447402,0.00500021,0.00497871
1790637944.643,1650,23520,21870,67195.57,0.024555,890646.736,1650,0,0,1536,38416,27022.817,0.00447402,0.00500021,0.00497901
1790639187.302,1700,23520,21820,68438.228,0.02484,878424.792,1700,0,0,1536,38416,27211.972,0.00447402,0.00500021,0.00497937
1790640258.76,1750,23520,21770,69509.688,0.025176,864700.516,1750,0,0,1536,38416,27256.32,0.00447402,0.00500021,0.00497965
1790641119.239,1800,23520,21720,70370.166,0.025579,849133.34,1800,0,0,1536,38416,27118.436,0.00447402,0.00500021,0.00497975
1790641732.216,1850,23520,21670,70983.143,0.026063,831462.007,1850,0,0,1536,38416,26878.409,0.00447402,0.00500021,0.00497853
1790642526.046,1900,23520,21620,71776.972,0.026471,816746.391,1900,0,0,1536,38416,26722.964,0.00447402,0.00500021,0.00497832
1790643012.283,1950,23520,21570,72263.211,0.026985,799342.285,1950,0,0,1536,38416,26366.228,0.00447402,0.00500021,0.00497784
1790644345.799,2000,23520,21520,73596.726,0.027175,791900.775,2000,0,0,1536,38416,26582.08,0.00447402,0.00500021,0.00497821
1790645757.976,2050,23520,21470,75008.899,0.02733,785581.009,2050,0,0,1536,38416,26788.027,0.00447402,0.00500021,0.00497851
1790646918.889,2100,23520,21420,76169.815,0.02757,776932.109,2100,0,0,1536,38416,26879.939,0.00447402,0.00500021,0.00497877
1790648006.836,2150,23520,21370,77257.763,0.027829,767906.227,2150,0,0,1536,38416,26926.973,0.00447402,0.00500021,0.00497899
1790648948.777,2200,23520,21320,78199.704,0.028133,757826.225,2200,0,0,1536,38416,26910.553,0.00447402,0.00500021,0.0049792
1790649972.25,2250,23520,21270,79223.177,0.028401,748923.097,2250,0,0,1536,38416,26905.102,0.00447402,0.00500021,0.00497939
1790651252.948,2300,23520,21220,80503.874,0.02857,742735.745,2300,0,0,1536,38416,27045.134,0.00447402,0.00500021,0.00497964
1790652559.361,2350,23520,21170,81810.287,0.028725,736988.836,2350,0,0,1536,38416,27170.928,0.00447402,0.00500021,0.00497985
1790653708.082,2400,23520,21120,82959.007,0.02893,730039.263,2400,0,0,1536,38416,27245.4,0.00447402,0.00500021,0.00498006
1790654747.635,2450,23520,21070,83998.562,0.029167,722387.634,2450,0,0,1536,38416,27234.599,0.00447402,0.00500021,0.00498018
1790655431.91,2500,23520,21020,84682.836,0.029522,712013.287,2500,0,0,1536,38416,27050.56,0.00447402,0.00500021,0.00497921
1790656191.371,2550,23520,20970,85442.297,0.029845,702637.242,2550,0,0,1536,38416,26929.958,0.00447402,0.00500021,0.00497922
1790657214.122,2600,23520,20920,86465.045,0.03007,695711.052,2600,0,0,1536,38416,26878.092,0.00447402,0.00500021,0.00497917
1790658582.244,2650,23520,20870,87833.171,0.030171,691727.654,2650,0,0,1536,38416,27001.98,0.00447402,0.00500022,0.00497939
1790659880.274,2700,23520,20820,89131.2,0.030292,687300.59,2700,0,0,1536,38416,27147.544,0.00447402,0.00500022,0.00497957
1790661047.243,2750,23520,20770,90298.169,0.030455,681997.442,2750,0,0,1536,38416,27231.779,0.00447402,0.00500022,0.00497976
1790661930.767,2800,23520,20720,91181.692,0.030708,674744.517,2800,0,0,1536,38416,27181.886,0.00447402,0.00500022,0.00497991
1790663040.826,2850,23520,20670,92291.75,0.03088,669358.063,2850,0,0,1536,38416,27170.212,0.00447402,0.00500022,0.00498001
1790664148.437,2900,23520,20620,93399.363,0.031049,664101.679,2900,0,0,1536,38416,27201.76,0.00447402,0.00500022,0.00498017
1790665403.363,2950,23520,20570,94654.286,0.031166,660013.107,2950,0,0,1536,38416,27274.24,0.00447402,0.00500022,0.00498033
1790666670.511,3000,23520,20520,95921.436,0.031276,656102.62,3000,0,0,1536,38416,27371.776,0.00447402,0.00500022,0.00498051
1790667809.093,3050,23520,20470,97060.017,0.031424,651415.917,3050,0,0,1536,38416,27420.202,0.00447402,0.00500022,0.00498064
1790668842.089,3100,23520,20420,98093.013,0.031603,646148.171,3100,0,0,1536,38416,27404.965,0.0044647,0.00500022,0.00498026
1790669790.289,3150,23520,20370,99041.213,0.031805,640466.51,3150,0,0,1536,38416,27377.778,0.0044647,0.00500022,0.00498021
1790670585.967,3200,23520,20320,99836.893,0.032052,633964.273,3200,0,0,1536,38416,27284.32,0.0044647,0.00500022,0.00498011
1790671841.629,3250,23520,20270,101092.554,0.032149,630506.48,3250,0,0,1536,38416,27376.64,0.0044647,0.00500022,0.0049802
1790673182.611,3300,23520,20220,102433.537,0.032216,627638.217,3300,0,0,1536,38416,27479.35,0.0044647,0.00500022,0.00498036
1790674412.858,3350,23520,20170,103663.778,0.032316,624148.777,3350,0,0,1536,38416,27549.65,0.0044647,0.00500022,0.00498048
1790675559.712,3400,23520,20120,104810.639,0.032439,620232.367,3400,0,0,1536,38416,27600.489,0.0044647,0.00500022,0.00498063
1790676405.899,3450,23520,20070,105656.825,0.032653,614647.096,3450,0,0,1536,38416,27546.49,0.0044647,0.00500022,0.00498072
1790677362.183,3500,23520,20020,106613.107,0.032829,609826.974,3500,0,0,1536,38416,27496.96,0.0044647,0.00500022,0.00498072
1790678391.71,3550,23520,19970,107642.636,0.032979,605527.728,3550,0,0,1536,38416,27505.577,0.0044647,0.00500022,0.00498085
1790679608.146,3600,23520,19920,108859.072,0.03307,602353.531,3600,0,0,1536,38416,27562.458,0.0044647,0.00500022,0.00498095
1790738917.915,3650,23520,19870,168168.83,0.021704,915483.464,3650,0,0,1536,38416,27602.35,0.0044647,0.00500022,0.00498106
