key,hand_type,hand_value,dealer_card,true_count,action,simulations,wins,losses,pushes,win_rate,ci95_low,ci95_high,ci95_margin,expected_return,expected_return_ci95_low,expected_return_ci95_high
hard|5|A|-10|hit,hard,5,A,-10,hit,100,5,95,0,0.05,0.00728279,0.09271721,0.04271721,-0.9,-0.98586482,-0.81413518
hard|5|A|-10|stand,hard,5,A,-10,stand,100,2,98,0,0.02,0.0,0.04744,0.02744,-0.96,-1.01515648,-0.90484352
hard|5|A|-10|double,hard,5,A,-10,double,100,5,95,0,0.05,0.00728279,0.09271721,0.04271721,-1.8,-1.97172964,-1.62827036
hard|5|A|-9|hit,hard,5,A,-9,hit,100,2,98,0,0.02,0.0,0.04744,0.02744,-0.96,-1.01515648,-0.90484352
hard|5|A|-9|stand,hard,5,A,-9,stand,100,9,91,0,0.09,0.03390837,0.14609163,0.05609163,-0.82,-0.93274841,-0.70725159
hard|5|A|-9|double,hard,5,A,-9,double,100,7,93,0,0.07,0.01999118,0.12000882,0.05000882,-1.72,-1.921043,-1.518957
hard|5|A|-8|hit,hard,5,A,-8,hit,100,4,94,2,0.04,0.001592,0.078408,0.038408,-0.9,-0.98121999,-0.81878001
hard|5|A|-8|stand,hard,5,A,-8,stand,100,6,94,0,0.06,0.01345258,0.10654742,0.04654742,-0.88,-0.97356384,-0.78643616
hard|5|A|-8|double,hard,5,A,-8,double,100,4,96,0,0.04,0.001592,0.078408,0.038408,-1.84,-1.99440597,-1.68559403
hard|5|A|-7|hit,hard,5,A,-7,hit,100,5,95,0,0.05,0.00728279,0.09271721,0.04271721,-0.9,-0.98586482,-0.81413518
hard|5|A|-7|stand,hard,5,A,-7,stand,100,5,95,0,0.05,0.00728279,0.09271721,0.04271721,-0.9,-0.98586482,-0.81413518
hard|5|A|-7|double,hard,5,A,-7,double,100,7,93,0,0.07,0.01999118,0.12000882,0.05000882,-1.72,-1.921043,-1.518957
hard|5|A|-6|hit,hard,5,A,-6,hit,100,6,93,1,0.06,0.01345258,0.10654742,0.04654742,-0.87,-0.96510637,-0.77489363
hard|5|A|-6|stand,hard,5,A,-6,stand,100,10,90,0,0.1,0.0412,0.1588,0.0588,-0.8,-0.91819245,-0.68180755
hard|5|A|-6|double,hard,5,A,-6,double,100,6,94,0,0.06,0.01345258,0.10654742,0.04654742,-1.76,-1.94712767,-1.57287233
hard|5|A|-5|hit,hard,5,A,-5,hit,100,8,92,0,0.08,0.02682653,0.13317347,0.05317347,-0.84,-0.94688269,-0.73311731
hard|5|A|-5|stand,hard,5,A,-5,stand,100,9,91,0,0.09,0.03390837,0.14609163,0.05609163,-0.82,-0.93274841,-0.70725159
hard|5|A|-5|double,hard,5,A,-5,double,100,6,94,0,0.06,0.01345258,0.10654742,0.04654742,-1.76,-1.94712767,-1.57287233
hard|5|A|-4|hit,hard,5,A,-4,hit,100,6,92,2,0.06,0.01345258,0.10654742,0.04654742,-0.86,-0.95658412,-0.76341588
hard|5|A|-4|stand,hard,5,A,-4,stand,100,3,97,0,0.03,0.0,0.0634351,0.0334351,-0.94,-1.00720707,-0.87279293
hard|5|A|-4|double,hard,5,A,-4,double,100,5,95,0,0.05,0.00728279,0.09271721,0.04271721,-1.8,-1.97172964,-1.62827036
hard|5|A|-3|hit,hard,5,A,-3,hit,100,3,95,2,0.03,0.0,0.0634351,0.0334351,-0.92,-0.99200153,-0.84799847
hard|5|A|-3|stand,hard,5,A,-3,stand,100,5,95,0,0.05,0.00728279,0.09271721,0.04271721,-0.9,-0.98586482,-0.81413518
hard|5|A|-3|double,hard,5,A,-3,double,100,4,96,0,0.04,0.001592,0.078408,0.038408,-1.84,-1.99440597,-1.68559403
hard|5|A|-2|hit,hard,5,A,-2,hit,100,2,97,1,0.02,0.0,0.04744,0.02744,-0.95,-1.00826966,-0.89173034
hard|5|A|-2|stand,hard,5,A,-2,stand,100,1,99,0,0.01,0.0,0.02950175,0.01950175,-0.98,-1.0192,-0.9408
hard|5|A|-2|double,hard,5,A,-2,double,100,8,92,0,0.08,0.02682653,0.13317347,0.05317347,-1.68,-1.89376538,-1.46623462
hard|5|A|-1|hit,hard,5,A,-1,hit,100,8,92,0,0.08,0.02682653,0.13317347,0.05317347,-0.84,-0.94688269,-0.73311731
hard|5|A|-1|stand,hard,5,A,-1,stand,100,5,95,0,0.05,0.00728279,0.09271721,0.04271721,-0.9,-0.98586482,-0.81413518
hard|5|A|-1|double,hard,5,A,-1,double,100,6,94,0,0.06,0.01345258,0.10654742,0.04654742,-1.76,-1.94712767,-1.57287233
hard|5|A|+0|hit,hard,5,A,0,hit,100,16,78,6,0.16,0.08814521,0.23185479,0.07185479,-0.62,-0.76683162,-0.47316838
hard|5|A|+0|stand,hard,5,A,0,stand,100,10,90,0,0.1,0.0412,0.1588,0.0588,-0.8,-0.91819245,-0.68180755
hard|5|A|+0|double,hard,5,A,0,double,100,15,85,0,0.15,0.080014,0.219986,0.069986,-1.4,-1.6813543,-1.1186457
hard|5|A|+1|hit,hard,5,A,1,hit,100,33,54,13,0.33,0.23783831,0.42216169,0.09216169,-0.21,-0.38902027,-0.03097973
hard|5|A|+1|stand,hard,5,A,1,stand,100,8,92,0,0.08,0.02682653,0.13317347,0.05317347,-0.84,-0.94688269,-0.73311731
hard|5|A|+1|double,hard,5,A,1,double,100,4,96,0,0.04,0.001592,0.078408,0.038408,-1.84,-1.99440597,-1.68559403
hard|5|A|+2|hit,hard,5,A,2,hit,100,25,62,13,0.25,0.16512951,0.33487049,0.08487049,-0.37,-0.5386631,-0.2013369
hard|5|A|+2|stand,hard,5,A,2,stand,100,5,95,0,0.05,0.00728279,0.09271721,0.04271721,-0.9,-0.98586482,-0.81413518
hard|5|A|+2|double,hard,5,A,2,double,100,2,98,0,0.02,0.0,0.04744,0.02744,-1.92,-2.03031295,-1.80968705
hard|5|A|+3|hit,hard,5,A,3,hit,100,35,51,14,0.35,0.25651396,0.44348604,0.09348604,-0.16,-0.33993913,0.01993913
hard|5|A|+3|stand,hard,5,A,3,stand,100,5,95,0,0.05,0.00728279,0.09271721,0.04271721,-0.9,-0.98586482,-0.81413518
hard|5|A|+3|double,hard,5,A,3,double,100,5,95,0,0.05,0.00728279,0.09271721,0.04271721,-1.8,-1.97172964,-1.62827036
hard|5|A|+4|hit,hard,5,A,4,hit,100,30,50,20,0.3,0.21018152,0.38981848,0.08981848,-0.2,-0.37172964,-0.02827036
hard|5|A|+4|stand,hard,5,A,4,stand,100,5,95,0,0.05,0.00728279,0.09271721,0.04271721,-0.9,-0.98586482,-0.81413518
hard|5|A|+4|double,hard,5,A,4,double,100,11,89,0,0.11,0.04867361,0.17132639,0.06132639,-1.56,-1.80654137,-1.31345863
hard|5|A|+5|hit,hard,5,A,5,hit,100,39,40,21,0.39,0.29440101,0.48559899,0.09559899,-0.01,-0.18507516,0.16507516
hard|5|A|+5|stand,hard,5,A,5,stand,100,1,99,0,0.01,0.0,0.02950175,0.01950175,-0.98,-1.0192,-0.9408
hard|5|A|+5|double,hard,5,A,5,double,100,5,95,0,0.05,0.00728279,0.09271721,0.04271721,-1.8,-1.97172964,-1.62827036
hard|5|A|+6|hit,hard,5,A,6,hit,100,26,58,16,0.26,0.17402769,0.34597231,0.08597231,-0.32,-0.48917996,-0.15082004
hard|5|A|+6|stand,hard,5,A,6,stand,100,3,97,0,0.03,0.0,0.0634351,0.0334351,-0.94,-1.00720707,-0.87279293
hard|5|A|+6|double,hard,5,A,6,double,100,6,94,0,0.06,0.01345258,0.10654742,0.04654742,-1.76,-1.94712767,-1.57287233
hard|5|A|+7|hit,hard,5,A,7,hit,100,31,52,17,0.31,0.21935132,0.40064868,0.09064868,-0.21,-0.38463131,-0.03536869
hard|5|A|+7|stand,hard,5,A,7,stand,100,3,97,0,0.03,0.0,0.0634351,0.0334351,-0.94,-1.00720707,-0.87279293
hard|5|A|+7|double,hard,5,A,7,double,100,9,91,0,0.09,0.03390837,0.14609163,0.05609163,-1.64,-1.86549682,-1.41450318
hard|5|A|+8|hit,hard,5,A,8,hit,100,24,59,17,0.24,0.15629171,0.32370829,0.08370829,-0.35,-0.51569206,-0.18430794
hard|5|A|+8|stand,hard,5,A,8,stand,100,1,99,0,0.01,0.0,0.02950175,0.01950175,-0.98,-1.0192,-0.9408
hard|5|A|+8|double,hard,5,A,8,double,100,6,94,0,0.06,0.01345258,0.10654742,0.04654742,-1.76,-1.94712767,-1.57287233
hard|5|A|+9|hit,hard,5,A,9,hit,100,31,56,13,0.31,0.21935132,0.40064868,0.09064868,-0.25,-0.42701487,-0.07298513
hard|5|A|+9|stand,hard,5,A,9,stand,100,4,96,0,0.04,0.001592,0.078408,0.038408,-0.92,-0.99720298,-0.84279702
hard|5|A|+9|double,hard,5,A,9,double,100,5,95,0,0.05,0.00728279,0.09271721,0.04271721,-1.8,-1.97172964,-1.62827036
hard|5|A|+10|hit,hard,5,A,10,hit,100,32,51,17,0.32,0.22857067,0.41142933,0.09142933,-0.19,-0.36551788,-0.01448212
hard|5|A|+10|stand,hard,5,A,10,stand,100,3,97,0,0.03,0.0,0.0634351,0.0334351,-0.94,-1.00720707,-0.87279293
hard|5|A|+10|double,hard,5,A,10,double,100,1,99,0,0.01,0.0,0.02950175,0.01950175,-1.96,-2.0384,-1.8816
hard|5|2|-10|hit,hard,5,2,-10,hit,100,40,57,3,0.4,0.30398,0.49602,0.09602,-0.17,-0.3610981,0.0210981
hard|5|2|-10|stand,hard,5,2,-10,stand,100,26,74,0,0.26,0.17402769,0.34597231,0.08597231,-0.48,-0.65281085,-0.30718915
hard|5|2|-10|double,hard,5,2,-10,double,100,46,54,0,0.46,0.3623141,0.5576859,0.0976859,-0.16,-0.55271208,0.23271208
hard|5|2|-9|hit,hard,5,2,-9,hit,100,42,56,2,0.42,0.32326253,0.51673747,0.09673747,-0.14,-0.33304766,0.05304766
hard|5|2|-9|stand,hard,5,2,-9,stand,100,41,59,0,0.41,0.31360067,0.50639933,0.09639933,-0.18,-0.37376994,0.01376994
hard|5|2|-9|double,hard,5,2,-9,double,100,32,68,0,0.32,0.22857067,0.41142933,0.09142933,-0.72,-1.08755972,-0.35244028
hard|5|2|-8|hit,hard,5,2,-8,hit,100,47,53,0,0.47,0.37217656,0.56782344,0.09782344,-0.06,-0.25663251,0.13663251
hard|5|2|-8|stand,hard,5,2,-8,stand,100,33,67,0,0.33,0.23783831,0.42216169,0.09216169,-0.34,-0.52525197,-0.15474803
hard|5|2|-8|double,hard,5,2,-8,double,100,30,70,0,0.3,0.21018152,0.38981848,0.08981848,-0.8,-1.16108389,-0.43891611
hard|5|2|-7|hit,hard,5,2,-7,hit,100,35,64,1,0.35,0.25651396,0.44348604,0.09348604,-0.29,-0.47749021,-0.10250979
hard|5|2|-7|stand,hard,5,2,-7,stand,100,29,71,0,0.29,0.20106264,0.37893736,0.08893736,-0.42,-0.59877082,-0.24122918
hard|5|2|-7|double,hard,5,2,-7,double,100,38,62,0,0.38,0.28486426,0.47513574,0.09513574,-0.48,-0.86246008,-0.09753992
hard|5|2|-6|hit,hard,5,2,-6,hit,100,49,50,1,0.49,0.3920196,0.5879804,0.0979804,-0.01,-0.2059901,0.1859901
hard|5|2|-6|stand,hard,5,2,-6,stand,100,42,58,0,0.42,0.32326253,0.51673747,0.09673747,-0.16,-0.35444963,0.03444963
hard|5|2|-6|double,hard,5,2,-6,double,100,34,66,0,0.34,0.24715308,0.43284692,0.09284692,-0.64,-1.01325866,-0.26674134
hard|5|2|-5|hit,hard,5,2,-5,hit,100,38,61,1,0.38,0.28486426,0.47513574,0.09513574,-0.23,-0.42069155,-0.03930845
hard|5|2|-5|stand,hard,5,2,-5,stand,100,45,55,0,0.45,0.35249123,0.54750877,0.09750877,-0.1,-0.296,0.096
hard|5|2|-5|double,hard,5,2,-5,double,100,37,63,0,0.37,0.27537036,0.46462964,0.09462964,-0.52,-0.90042548,-0.13957452
hard|5|2|-4|hit,hard,5,2,-4,hit,100,43,57,0,0.43,0.33296515,0.52703485,0.09703485,-0.14,-0.33504738,0.05504738
hard|5|2|-4|stand,hard,5,2,-4,stand,100,42,58,0,0.42,0.32326253,0.51673747,0.09673747,-0.16,-0.35444963,0.03444963
hard|5|2|-4|double,hard,5,2,-4,double,100,41,59,0,0.41,0.31360067,0.50639933,0.09639933,-0.36,-0.74753988,0.02753988
hard|5|2|-3|hit,hard,5,2,-3,hit,100,34,65,1,0.34,0.24715308,0.43284692,0.09284692,-0.31,-0.49624428,-0.12375572
hard|5|2|-3|stand,hard,5,2,-3,stand,100,37,63,0,0.37,0.27537036,0.46462964,0.09462964,-0.26,-0.45021274,-0.06978726
hard|5|2|-3|double,hard,5,2,-3,double,100,35,65,0,0.35,0.25651396,0.44348604,0.09348604,-0.6,-0.97582803,-0.22417197
hard|5|2|-2|hit,hard,5,2,-2,hit,100,42,58,0,0.42,0.32326253,0.51673747,0.09673747,-0.16,-0.35444963,0.03444963
hard|5|2|-2|stand,hard,5,2,-2,stand,100,42,58,0,0.42,0.32326253,0.51673747,0.09673747,-0.16,-0.35444963,0.03444963
hard|5|2|-2|double,hard,5,2,-2,double,100,40,60,0,0.4,0.30398,0.49602,0.09602,-0.4,-0.78601492,-0.01398508
hard|5|2|-1|hit,hard,5,2,-1,hit,100,39,60,1,0.39,0.29440101,0.48559899,0.09559899,-0.21,-0.40158482,-0.01841518
hard|5|2|-1|stand,hard,5,2,-1,stand,100,37,63,0,0.37,0.27537036,0.46462964,0.09462964,-0.26,-0.45021274,-0.06978726
hard|5|2|-1|double,hard,5,2,-1,double,100,37,63,0,0.37,0.27537036,0.46462964,0.09462964,-0.52,-0.90042548,-0.13957452
hard|5|2|+0|hit,hard,5,2,0,hit,100,53,42,5,0.53,0.43217656,0.62782344,0.09782344,0.11,-0.08077293,0.30077293
hard|5|2|+0|stand,hard,5,2,0,stand,100,39,61,0,0.39,0.29440101,0.48559899,0.09559899,-0.22,-0.41216119,-0.02783881
hard|5|2|+0|double,hard,5,2,0,double,100,42,58,0,0.42,0.32326253,0.51673747,0.09673747,-0.32,-0.70889925,0.06889925
hard|5|2|+1|hit,hard,5,2,1,hit,100,32,65,3,0.32,0.22857067,0.41142933,0.09142933,-0.33,-0.5127954,-0.1472046
hard|5|2|+1|stand,hard,5,2,1,stand,100,32,68,0,0.32,0.22857067,0.41142933,0.09142933,-0.36,-0.54377986,-0.17622014
hard|5|2|+1|double,hard,5,2,1,double,100,32,68,0,0.32,0.22857067,0.41142933,0.09142933,-0.72,-1.08755972,-0.35244028
hard|5|2|+2|hit,hard,5,2,2,hit,100,27,69,4,0.27,0.18298395,0.35701605,0.08701605,-0.42,-0.59437559,-0.24562441
