key,hand_type,hand_value,dealer_card,true_count,action,simulations,wins,losses,pushes,win_rate,ci95_low,ci95_high,ci95_margin,ci95_target,stop_reason,expected_return,expected_return_ci95_low,expected_return_ci95_high
hard|5|A|-10|hit,hard,5,A,-10,hit,200,11,188,1,0.055,0.02340355,0.08659645,0.03159645,0.05,ci_target_reached,-0.885,-0.94893915,-0.82106085
hard|5|A|-10|stand,hard,5,A,-10,stand,200,13,187,0,0.065,0.03083326,0.09916674,0.03416674,0.05,ci_target_reached,-0.87,-0.93850496,-0.80149504
hard|5|A|-10|double,hard,5,A,-10,double,200,9,191,0,0.045,0.01626911,0.07373089,0.02873089,0.05,ci_target_reached,-1.82,-1.93521193,-1.70478807
hard|5|A|-9|hit,hard,5,A,-9,hit,200,12,187,1,0.06,0.027086,0.092914,0.032914,0.05,ci_target_reached,-0.875,-0.94154303,-0.80845697
hard|5|A|-9|stand,hard,5,A,-9,stand,200,17,183,0,0.085,0.04634897,0.12365103,0.03865103,0.05,ci_target_reached,-0.83,-0.90749604,-0.75250396
hard|5|A|-9|double,hard,5,A,-9,double,200,13,187,0,0.065,0.03083326,0.09916674,0.03416674,0.05,ci_target_reached,-1.74,-1.87700992,-1.60299008
hard|5|A|-8|hit,hard,5,A,-8,hit,200,10,188,2,0.05,0.01979437,0.08020563,0.03020563,0.05,ci_target_reached,-0.89,-0.9518091,-0.8281909
hard|5|A|-8|stand,hard,5,A,-8,stand,200,12,188,0,0.06,0.027086,0.092914,0.032914,0.05,ci_target_reached,-0.88,-0.94599318,-0.81400682
hard|5|A|-8|double,hard,5,A,-8,double,200,7,193,0,0.035,0.00952942,0.06047058,0.02547058,0.05,ci_target_reached,-1.86,-1.96213797,-1.75786203
hard|5|A|-7|hit,hard,5,A,-7,hit,200,13,186,1,0.065,0.03083326,0.09916674,0.03416674,0.05,ci_target_reached,-0.865,-0.93402082,-0.79597918
hard|5|A|-7|stand,hard,5,A,-7,stand,200,8,192,0,0.04,0.01284144,0.06715856,0.02715856,0.05,ci_target_reached,-0.92,-0.97445342,-0.86554658
hard|5|A|-7|double,hard,5,A,-7,double,200,11,189,0,0.055,0.02340355,0.08659645,0.03159645,0.05,ci_target_reached,-1.78,-1.90670296,-1.65329704
hard|5|A|-6|hit,hard,5,A,-6,hit,200,9,188,3,0.045,0.01626911,0.07373089,0.02873089,0.05,ci_target_reached,-0.895,-0.95459488,-0.83540512
hard|5|A|-6|stand,hard,5,A,-6,stand,200,20,180,0,0.1,0.05842212,0.14157788,0.04157788,0.05,ci_target_reached,-0.8,-0.88336443,-0.71663557
hard|5|A|-6|double,hard,5,A,-6,double,200,12,188,0,0.06,0.027086,0.092914,0.032914,0.05,ci_target_reached,-1.76,-1.89198637,-1.62801363
hard|5|A|-5|hit,hard,5,A,-5,hit,200,10,189,1,0.05,0.01979437,0.08020563,0.03020563,0.05,ci_target_reached,-0.895,-0.95619309,-0.83380691
hard|5|A|-5|stand,hard,5,A,-5,stand,200,11,189,0,0.055,0.02340355,0.08659645,0.03159645,0.05,ci_target_reached,-0.89,-0.95335148,-0.82664852
hard|5|A|-5|double,hard,5,A,-5,double,200,10,190,0,0.05,0.01979437,0.08020563,0.03020563,0.05,ci_target_reached,-1.8,-1.92112571,-1.67887429
hard|5|A|-4|hit,hard,5,A,-4,hit,200,12,184,4,0.06,0.027086,0.092914,0.032914,0.05,ci_target_reached,-0.86,-0.92812347,-0.79187653
hard|5|A|-4|stand,hard,5,A,-4,stand,200,10,190,0,0.05,0.01979437,0.08020563,0.03020563,0.05,ci_target_reached,-0.9,-0.96056285,-0.83943715
hard|5|A|-4|double,hard,5,A,-4,double,200,9,191,0,0.045,0.01626911,0.07373089,0.02873089,0.05,ci_target_reached,-1.82,-1.93521193,-1.70478807
hard|5|A|-3|hit,hard,5,A,-3,hit,200,7,191,2,0.035,0.00952942,0.06047058,0.02547058,0.05,ci_target_reached,-0.92,-0.97265102,-0.86734898
hard|5|A|-3|stand,hard,5,A,-3,stand,200,10,190,0,0.05,0.01979437,0.08020563,0.03020563,0.05,ci_target_reached,-0.9,-0.96056285,-0.83943715
hard|5|A|-3|double,hard,5,A,-3,double,200,8,192,0,0.04,0.01284144,0.06715856,0.02715856,0.05,ci_target_reached,-1.84,-1.94890683,-1.73109317
hard|5|A|-2|hit,hard,5,A,-2,hit,200,11,187,2,0.055,0.02340355,0.08659645,0.03159645,0.05,ci_target_reached,-0.88,-0.94451399,-0.81548601
hard|5|A|-2|stand,hard,5,A,-2,stand,200,7,193,0,0.035,0.00952942,0.06047058,0.02547058,0.05,ci_target_reached,-0.93,-0.98106898,-0.87893102
hard|5|A|-2|double,hard,5,A,-2,double,200,8,192,0,0.04,0.01284144,0.06715856,0.02715856,0.05,ci_target_reached,-1.84,-1.94890683,-1.73109317
hard|5|A|-1|hit,hard,5,A,-1,hit,200,12,187,1,0.06,0.027086,0.092914,0.032914,0.05,ci_target_reached,-0.875,-0.94154303,-0.80845697
hard|5|A|-1|stand,hard,5,A,-1,stand,200,11,189,0,0.055,0.02340355,0.08659645,0.03159645,0.05,ci_target_reached,-0.89,-0.95335148,-0.82664852
hard|5|A|-1|double,hard,5,A,-1,double,200,9,191,0,0.045,0.01626911,0.07373089,0.02873089,0.05,ci_target_reached,-1.82,-1.93521193,-1.70478807
hard|5|A|+0|hit,hard,5,A,0,hit,300,58,223,19,0.19333333,0.14864482,0.23802184,0.04468851,0.05,ci_target_reached,-0.55,-0.64026558,-0.45973442
hard|5|A|+0|stand,hard,5,A,0,stand,200,21,179,0,0.105,0.06251386,0.14748614,0.04248614,0.05,ci_target_reached,-0.79,-0.8751855,-0.7048145
hard|5|A|+0|double,hard,5,A,0,double,200,30,170,0,0.15,0.10051243,0.19948757,0.04948757,0.05,ci_target_reached,-1.4,-1.59844704,-1.20155296
hard|5|A|+1|hit,hard,5,A,1,hit,400,134,206,60,0.335,0.28874493,0.38125507,0.04625507,0.05,ci_target_reached,-0.18,-0.26872379,-0.09127621
hard|5|A|+1|stand,hard,5,A,1,stand,200,14,186,0,0.07,0.03463843,0.10536157,0.03536157,0.05,ci_target_reached,-0.86,-0.93090062,-0.78909938
hard|5|A|+1|double,hard,5,A,1,double,200,8,192,0,0.04,0.01284144,0.06715856,0.02715856,0.05,ci_target_reached,-1.84,-1.94890683,-1.73109317
hard|5|A|+2|hit,hard,5,A,2,hit,400,113,229,58,0.2825,0.23837891,0.32662109,0.04412109,0.05,ci_target_reached,-0.29,-0.37615265,-0.20384735
hard|5|A|+2|stand,hard,5,A,2,stand,200,9,191,0,0.045,0.01626911,0.07373089,0.02873089,0.05,ci_target_reached,-0.91,-0.96760597,-0.85239403
hard|5|A|+2|double,hard,5,A,2,double,200,5,195,0,0.025,0.00336219,0.04663781,0.02163781,0.05,ci_target_reached,-1.9,-1.98676845,-1.81323155
hard|5|A|+3|hit,hard,5,A,3,hit,400,141,193,66,0.3525,0.30568063,0.39931937,0.04681937,0.05,ci_target_reached,-0.13,-0.21875091,-0.04124909
hard|5|A|+3|stand,hard,5,A,3,stand,200,8,192,0,0.04,0.01284144,0.06715856,0.02715856,0.05,ci_target_reached,-0.92,-0.97445342,-0.86554658
hard|5|A|+3|double,hard,5,A,3,double,200,9,191,0,0.045,0.01626911,0.07373089,0.02873089,0.05,ci_target_reached,-1.82,-1.93521193,-1.70478807
hard|5|A|+4|hit,hard,5,A,4,hit,400,117,215,68,0.2925,0.24791875,0.33708125,0.04458125,0.05,ci_target_reached,-0.245,-0.33110095,-0.15889905
hard|5|A|+4|stand,hard,5,A,4,stand,200,5,195,0,0.025,0.00336219,0.04663781,0.02163781,0.05,ci_target_reached,-0.95,-0.99338422,-0.90661578
hard|5|A|+4|double,hard,5,A,4,double,200,16,184,0,0.08,0.04240068,0.11759932,0.03759932,0.05,ci_target_reached,-1.68,-1.83077469,-1.52922531
hard|5|A|+5|hit,hard,5,A,5,hit,400,144,187,69,0.36,0.31296,0.40704,0.04704,0.05,ci_target_reached,-0.1075,-0.19613387,-0.01886613
hard|5|A|+5|stand,hard,5,A,5,stand,200,4,196,0,0.02,0.00059699,0.03940301,0.01940301,0.05,ci_target_reached,-0.96,-0.9989034,-0.9210966
hard|5|A|+5|double,hard,5,A,5,double,200,10,190,0,0.05,0.01979437,0.08020563,0.03020563,0.05,ci_target_reached,-1.8,-1.92112571,-1.67887429
hard|5|A|+6|hit,hard,5,A,6,hit,400,133,210,57,0.3325,0.28633131,0.37866869,0.04616869,0.05,ci_target_reached,-0.1925,-0.28137795,-0.10362205
hard|5|A|+6|stand,hard,5,A,6,stand,200,10,190,0,0.05,0.01979437,0.08020563,0.03020563,0.05,ci_target_reached,-0.9,-0.96056285,-0.83943715
hard|5|A|+6|double,hard,5,A,6,double,200,11,189,0,0.055,0.02340355,0.08659645,0.03159645,0.05,ci_target_reached,-1.78,-1.90670296,-1.65329704
hard|5|A|+7|hit,hard,5,A,7,hit,300,79,157,64,0.26333333,0.21349266,0.313174,0.04984067,0.05,ci_target_reached,-0.26,-0.35611807,-0.16388193
hard|5|A|+7|stand,hard,5,A,7,stand,200,7,193,0,0.035,0.00952942,0.06047058,0.02547058,0.05,ci_target_reached,-0.93,-0.98106898,-0.87893102
hard|5|A|+7|double,hard,5,A,7,double,200,14,186,0,0.07,0.03463843,0.10536157,0.03536157,0.05,ci_target_reached,-1.72,-1.86180124,-1.57819876
hard|5|A|+8|hit,hard,5,A,8,hit,400,110,228,62,0.275,0.2312416,0.3187584,0.0437584,0.05,ci_target_reached,-0.295,-0.38042738,-0.20957262
hard|5|A|+8|stand,hard,5,A,8,stand,200,6,194,0,0.03,0.00635782,0.05364218,0.02364218,0.05,ci_target_reached,-0.94,-0.98740302,-0.89259698
hard|5|A|+8|double,hard,5,A,8,double,200,9,191,0,0.045,0.01626911,0.07373089,0.02873089,0.05,ci_target_reached,-1.82,-1.93521193,-1.70478807
hard|5|A|+9|hit,hard,5,A,9,hit,400,123,219,58,0.3075,0.26227709,0.35272291,0.04522291,0.05,ci_target_reached,-0.24,-0.32762091,-0.15237909
hard|5|A|+9|stand,hard,5,A,9,stand,200,11,189,0,0.055,0.02340355,0.08659645,0.03159645,0.05,ci_target_reached,-0.89,-0.95335148,-0.82664852
hard|5|A|+9|double,hard,5,A,9,double,200,11,189,0,0.055,0.02340355,0.08659645,0.03159645,0.05,ci_target_reached,-1.78,-1.90670296,-1.65329704
hard|5|A|+10|hit,hard,5,A,10,hit,400,126,206,68,0.315,0.26947744,0.36052256,0.04552256,0.05,ci_target_reached,-0.2,-0.28721339,-0.11278661
hard|5|A|+10|stand,hard,5,A,10,stand,200,7,193,0,0.035,0.00952942,0.06047058,0.02547058,0.05,ci_target_reached,-0.93,-0.98106898,-0.87893102
hard|5|A|+10|double,hard,5,A,10,double,200,1,199,0,0.005,0.0,0.01477547,0.00977547,0.05,ci_target_reached,-1.98,-2.0192,-1.9408
hard|5|2|-10|hit,hard,5,2,-10,hit,400,161,234,5,0.4025,0.35444064,0.45055936,0.04805936,0.05,ci_target_reached,-0.1825,-0.27834907,-0.08665093
hard|5|2|-10|stand,hard,5,2,-10,stand,400,140,260,0,0.35,0.30325698,0.39674302,0.04674302,0.05,ci_target_reached,-0.3,-0.39360312,-0.20639688
hard|5|2|-10|double,hard,5,2,-10,double,400,164,236,0,0.41,0.36180034,0.45819966,0.04819966,0.05,ci_target_reached,-0.36,-0.55304011,-0.16695989
hard|5|2|-9|hit,hard,5,2,-9,hit,400,158,238,4,0.395,0.34709263,0.44290737,0.04790737,0.05,ci_target_reached,-0.2,-0.29563821,-0.10436179
hard|5|2|-9|stand,hard,5,2,-9,stand,400,159,241,0,0.3975,0.34954066,0.44545934,0.04795934,0.05,ci_target_reached,-0.205,-0.3010388,-0.1089612
hard|5|2|-9|double,hard,5,2,-9,double,400,160,240,0,0.4,0.35199,0.44801,0.04801,0.05,ci_target_reached,-0.4,-0.5922805,-0.2077195
hard|5|2|-8|hit,hard,5,2,-8,hit,400,169,226,5,0.4225,0.37409219,0.47090781,0.04840781,0.05,ci_target_reached,-0.1425,-0.23899979,-0.04600021
hard|5|2|-8|stand,hard,5,2,-8,stand,400,168,232,0,0.42,0.37163127,0.46836873,0.04836873,0.05,ci_target_reached,-0.16,-0.25685862,-0.06314138
hard|5|2|-8|double,hard,5,2,-8,double,400,155,245,0,0.3875,0.33975642,0.43524358,0.04774358,0.05,ci_target_reached,-0.45,-0.64121348,-0.25878652
hard|5|2|-7|hit,hard,5,2,-7,hit,400,156,242,2,0.39,0.34220051,0.43779949,0.04779949,0.05,ci_target_reached,-0.215,-0.31057653,-0.11942347
hard|5|2|-7|stand,hard,5,2,-7,stand,400,146,254,0,0.365,0.31781984,0.41218016,0.04718016,0.05,ci_target_reached,-0.27,-0.36447848,-0.17552152
hard|5|2|-7|double,hard,5,2,-7,double,400,168,232,0,0.42,0.37163127,0.46836873,0.04836873,0.05,ci_target_reached,-0.32,-0.51371723,-0.12628277
hard|5|2|-6|hit,hard,5,2,-6,hit,400,155,242,3,0.3875,0.33975642,0.43524358,0.04774358,0.05,ci_target_reached,-0.2175,-0.31289597,-0.12210403
hard|5|2|-6|stand,hard,5,2,-6,stand,400,150,250,0,0.375,0.32755595,0.42244405,0.04744405,0.05,ci_target_reached,-0.25,-0.34500692,-0.15499308
hard|5|2|-6|double,hard,5,2,-6,double,400,149,251,0,0.3725,0.32511989,0.41988011,0.04738011,0.05,ci_target_reached,-0.51,-0.69975779,-0.32024221
hard|5|2|-5|hit,hard,5,2,-5,hit,400,152,245,3,0.38,0.33243213,0.42756787,0.04756787,0.05,ci_target_reached,-0.2325,-0.32755473,-0.13744527
hard|5|2|-5|stand,hard,5,2,-5,stand,400,162,238,0,0.405,0.35689258,0.45310742,0.04810742,0.05,ci_target_reached,-0.19,-0.28633534,-0.09366466
hard|5|2|-5|double,hard,5,2,-5,double,400,154,246,0,0.385,0.33731366,0.43268634,0.04768634,0.05,ci_target_reached,-0.46,-0.65098424,-0.26901576
hard|5|2|-4|hit,hard,5,2,-4,hit,400,163,235,2,0.4075,0.35934581,0.45565419,0.04815419,0.05,ci_target_reached,-0.18,-0.27627035,-0.08372965
hard|5|2|-4|stand,hard,5,2,-4,stand,400,143,257,0,0.3575,0.31053215,0.40446785,0.04696785,0.05,ci_target_reached,-0.285,-0.37905334,-0.19094666
hard|5|2|-4|double,hard,5,2,-4,double,400,161,239,0,0.4025,0.35444064,0.45055936,0.04805936,0.05,ci_target_reached,-0.39,-0.58247818,-0.19752182
hard|5|2|-3|hit,hard,5,2,-3,hit,400,149,249,2,0.3725,0.32511989,0.41988011,0.04738011,0.05,ci_target_reached,-0.25,-0.34475323,-0.15524677
hard|5|2|-3|stand,hard,5,2,-3,stand,400,157,243,0,0.3925,0.34464591,0.44035409,0.04785409,0.05,ci_target_reached,-0.215,-0.31082804,-0.11917196
hard|5|2|-3|double,hard,5,2,-3,double,400,154,246,0,0.385,0.33731366,0.43268634,0.04768634,0.05,ci_target_reached,-0.46,-0.65098424,-0.26901576
hard|5|2|-2|hit,hard,5,2,-2,hit,400,152,245,3,0.38,0.33243213,0.42756787,0.04756787,0.05,ci_target_reached,-0.2325,-0.32755473,-0.13744527
hard|5|2|-2|stand,hard,5,2,-2,stand,400,153,247,0,0.3825,0.33487223,0.43012777,0.04762777,0.05,ci_target_reached,-0.235,-0.33037484,-0.13962516
hard|5|2|-2|double,hard,5,2,-2,double,400,146,254,0,0.365,0.31781984,0.41218016,0.04718016,0.05,ci_target_reached,-0.54,-0.72895697,-0.35104303
hard|5|2|-1|hit,hard,5,2,-1,hit,400,144,252,4,0.36,0.31296,0.40704,0.04704,0.05,ci_target_reached,-0.27,-0.36396756,-0.17603244
hard|5|2|-1|stand,hard,5,2,-1,stand,400,151,249,0,0.3775,0.32999337,0.42500663,0.04750663,0.05,ci_target_reached,-0.245,-0.34013225,-0.14986775
hard|5|2|-1|double,hard,5,2,-1,double,400,156,244,0,0.39,0.34220051,0.43779949,0.04779949,0.05,ci_target_reached,-0.44,-0.63143742,-0.24856258
hard|5|2|+0|hit,hard,5,2,0,hit,400,183,204,13,0.4575,0.40867733,0.50632267,0.04882267,0.05,ci_target_reached,-0.0525,-0.14887749,0.04387749
hard|5|2|+0|stand,hard,5,2,0,stand,400,149,251,0,0.3725,0.32511989,0.41988011,0.04738011,0.05,ci_target_reached,-0.255,-0.3498789,-0.1601211
hard|5|2|+0|double,hard,5,2,0,double,400,158,242,0,0.395,0.34709263,0.44290737,0.04790737,0.05,ci_target_reached,-0.42,-0.61186946,-0.22813054
hard|5|2|+1|hit,hard,5,2,1,hit,400,138,246,16,0.345,0.29841391,0.39158609,0.04658609,0.05,ci_target_reached,-0.27,-0.36241786,-0.17758214
hard|5|2|+1|stand,hard,5,2,1,stand,400,126,274,0,0.315,0.26947744,0.36052256,0.04552256,0.05,ci_target_reached,-0.37,-0.46115913,-0.27884087
hard|5|2|+1|double,hard,5,2,1,double,400,123,277,0,0.3075,0.26227709,0.35272291,0.04522291,0.05,ci_target_reached,-0.77,-0.95111819,-0.58888181
hard|5|2|+2|hit,hard,5,2,2,hit,400,126,255,19,0.315,0.26947744,0.36052256,0.04552256,0.05,ci_target_reached,-0.3225,-0.4128845,-0.2321155
